"","PC1","PC2","PC3","PC4","PC5","PC6","PC7","PC8","PC9","PC10"
"1",0.0595785408541792,-0.0830280212375299,0.00843090109083659,4.25604916904163e-05,-0.00324808314393411,0.111909345715934,0.0417624578215187,0.0416656415747856,0.0336709394600705,-0.0948529499337201
"2",0.0577991414974527,-0.072701973305323,0.00329398949632737,-0.00703333306579864,0.0143773410630382,0.0575347499801087,0.10280246384228,0.0360070280779381,-0.0225635564798254,-0.119139249738451
"3",0.0798096347598673,-0.0994623369987649,0.00591806867551431,0.0468743546322667,0.0462773406189621,-0.012519799942535,-0.104620745287211,-0.0633688750128611,-0.0776353897702094,0.0124879784570459
"4",0.0897333867209059,-0.103981960939764,0.00763062873791404,0.0513067621093889,-0.0155379043553052,0.0683561381191639,-0.0872564696797283,-0.0532307110064498,-0.0404747125542977,0.0767159528223755
"5",0.0985540995516838,-0.108727470410913,0.0109553758483313,0.0451879899390511,-0.0521347349041113,0.103407436764122,0.00132994319022484,-0.00881687069235524,0.00144782684868919,0.129667493752132
"6",0.102652234697627,-0.108132228186973,0.014843087449395,0.0333008732474992,-0.0433336286960186,0.0650633875269771,0.0928633475625496,0.0328520592710341,0.0369594447814564,0.15390223359446
"7",0.105388732409876,-0.0913968664508827,0.0175250979552575,0.0180231589578177,-0.0071142370009631,-0.0177349155966068,0.117164244026499,0.0243457221723431,0.0545176583200843,0.134604328491899
"8",0.108452099837681,-0.0936424800739357,0.0182314213664032,0.0193142337594188,0.0264003727956997,-0.0887927542247275,0.0692461619868704,0.00997100677998788,0.0578969514259339,0.0834826906907133
"9",0.11004535274879,-0.0969079952314537,0.0155241750211756,0.0253113786722634,0.0236756450323953,-0.103000295707861,-0.0201938426909739,-0.0194866634114106,0.0515629020939899,0.0106145162123217
"10",0.121488115291335,-0.0824860476522742,0.00857505572312561,0.010859962243429,-0.0710398489691466,0.0156979544136174,-0.0892108383969858,-0.0559166286530351,0.0294895881249207,-0.122305068408622
"11",0.123399077555045,-0.0668515831792564,0.00116287418311368,-0.0144188561982866,-0.113562417532225,0.0589469448571246,-0.019670396896654,-0.0349024677945461,0.0116077429456486,-0.1474578990713
"12",0.122423748139034,-0.0452024781906284,-0.0071314842225493,-0.0456242980753165,-0.112112030152215,0.0375369744768389,0.0668948060033761,-0.00844753924513633,-0.0103923541310811,-0.138310086557612
"13",0.124310828264828,-0.0406453734098553,-0.0120868684528634,-0.0615380412675196,-0.0598120400128395,-0.0380087998099017,0.108511983471398,0.0285379516491949,-0.0297814041481587,-0.0953815357422074
"14",0.10408952972227,-0.00884843901560821,-0.0468073676145978,-0.0734632824077289,-0.0166158518057943,-0.119165375127337,-0.0174516513427859,-0.00870477533669928,-0.0788371471275988,0.0179620419498345
"15",0.0928301299438754,0.00380084310545349,-0.0681595127820868,-0.0740147910138259,-0.0470126574723947,-0.0770290612041608,-0.0828662925055366,-0.0277270330573497,-0.0902187655790342,0.0690559669389253
"16",0.095591468282239,0.0107116541252917,-0.0793817571987185,-0.0758241529651285,-0.0708617050717723,-0.0141235669880553,-0.0899680001862621,-0.018515962662586,-0.0795459350536197,0.107104535622065
"17",0.0844712795940273,0.0254117794682787,-0.0979649616675453,-0.0857147544866435,-0.100101580515797,0.0341800236378669,-0.0418869395899949,-0.00120786471199176,-0.0679078251265534,0.122427022120967
"18",0.0915984088535378,0.0579788509798966,-0.100130872924636,-0.102723494885182,-0.0674654408815136,0.0310056397740304,0.0168103832385387,-0.00356222823189092,-0.0361064880810451,0.110002019392861
"19",0.0779416694444073,0.0914515889573998,-0.117859049119708,-0.113400906685269,-0.0470344247124171,0.00178430639737885,0.0500023880957243,-0.0182727492295218,-0.0237721634401572,0.0745872497107327
"20",0.0529405856417063,0.118917056065572,-0.143781085235813,-0.115692270256276,-0.0368685099100081,-0.034934348602715,0.0512072634430102,-0.0435450645605837,-0.0222398017059383,0.0222299248952793
"21",0.0373095244892429,0.157676277044097,-0.163313861368727,-0.117145626927363,-0.0219094629614239,-0.0598373896316453,0.0180535917649088,-0.0946583214088281,-0.0142126395736749,-0.0375989022201198
"22",0.0270162044214784,0.159161006223466,-0.177402032508382,-0.0953253173737978,-0.0110783730870867,-0.0603886532379347,-0.0153257314317179,-0.0900845814573143,0.00244261360492985,-0.0765029381835604
"23",0.0152171854600058,0.175909868320421,-0.188823319197966,-0.0774867586595319,-0.0163145372112889,-0.0358290186716051,-0.0444744307638811,-0.0946077928499197,0.022073724294805,-0.0961050785949119
"24",0.0141042993677591,0.197052755616723,-0.189152554041696,-0.0612570181583546,-0.0142946935762172,-0.00190896875700361,-0.0499665381351072,-0.0894769129585183,0.0487675288220637,-0.0906642957415837
"25",0.0138819835007577,0.202742427757868,-0.184782864685486,-0.0367912222985319,-0.00657968340878979,0.0233999396065755,-0.0262463175309812,-0.0442321352452049,0.0695486978921015,-0.0573899968174823
"26",0.0159949009048935,0.194504845420323,-0.172553016440633,-0.00287948656362946,0.0202548383028578,0.0241186569079691,0.00579998203501671,0.0276611009512487,0.0815764102586948,-0.00661481976760831
"27",-0.000348093339315094,0.160989959461328,-0.00923325699581426,0.177906317501242,0.0509150286369471,0.0903433571679004,-0.013479761578246,0.0577517964301192,-0.0471851934556737,-0.0354640102306536
"28",0.000153895349509307,0.159690732659045,0.0256877451968547,0.181153360951824,0.0399265099630861,0.0851588290164209,0.0329764454955851,0.03282968751718,-0.0756096429994652,-0.0728258967748412
"29",0.00416875514711191,0.153873889634671,0.0640074813770656,0.181369859251789,0.0496686196285977,0.0498386761754303,0.0631249985340433,0.00683917905962527,-0.0877563491855614,-0.0901030066969757
"30",0.00158683397966867,0.110397567491488,0.194667046907964,0.113369881195495,-0.0370507259969861,-0.0174742215305453,0.00943982737466486,-0.0477823611981591,0.0481550430637288,0.0951885145211396
"31",0.00438416507164761,0.084900423777244,0.216841188633526,0.0913180750251325,-0.035455627771926,-0.0274514920716896,0.0118125599137564,-0.00106047768772522,0.0943257951972092,0.12795355421572
"32",0.00439549405797936,0.0623909833436281,0.233414952021907,0.0657872447511967,-0.031864902302831,-0.036154545672284,0.00289227036211377,0.0359574170157721,0.122017023297996,0.129510367344781
"33",0.00656212857466073,0.0337184211990627,0.246853511622516,0.0417662583368181,-0.023195737654207,-0.0381168125199847,-0.0123122066510509,0.0720026906634306,0.130343802894419,0.0995710743863797
"34",0.0421936324770217,-0.150702662403986,0.0755544745420418,0.0667988834479679,0.097271802897278,0.0360067604319003,-0.032110503853155,-0.070829252049786,0.031150905476259,0.0071552874738999
"35",0.050417177065738,-0.160395501245073,0.0758567525715124,0.0735917227136132,0.0464153324132306,0.0706344675188708,-0.0228604567858173,-0.0703088746619396,0.0628419616218828,0.0472686929472309
"36",0.0600869070552801,-0.178092880064922,0.0764142816120916,0.0747942392757106,0.00567839316587688,0.0787800568255012,0.0291850295386815,-0.0368701049383186,0.0807874266448928,0.0771491623017546
"37",0.0608672952819146,-0.194413917465283,0.072889990166138,0.0704891652450428,-0.0169628409990996,0.043325866141581,0.0858881686478675,0.00680368120169289,0.0787415297528169,0.0868339540470002
"38",0.0623381827578168,-0.212381900452538,0.0700827074035698,0.0657928112576476,-0.0157515280625255,-0.0250682829747456,0.10556459431286,0.0388389200867393,0.0577567374754806,0.0703518453667148
"39",0.0695561685292208,-0.205266241178692,0.0695713831826089,0.051388713930646,-0.00794358280746491,-0.0849166026053821,0.0606659393922666,0.0117661943129264,0.0280516150101594,0.0246843034170082
"40",0.0886712142383867,-0.129690055774452,0.000126623145292945,-0.0959516185904058,-0.0933689647713418,-0.0876274834899482,0.02541191698313,0.0104996624640003,-0.0543564391434603,-0.0549454589383652
"41",0.102460934900588,-0.142469555716802,-0.00437788293260397,-0.0954646865893143,-0.0331646613549904,-0.107852599720319,-0.0138535098360414,0.0651202893426478,-0.00695649882660967,0.0138804987942756
"42",0.113188263631375,-0.154237507639496,-0.0110394487132704,-0.0865553144123949,0.00458152514372443,-0.0858464845009637,-0.0780497560728665,0.0941325432269158,0.0423226584992922,0.0796080653492731
"43",0.140430743015147,-0.136311639592013,-0.00765021087570387,-0.0869147991605837,0.0326261771653704,-0.01951836514247,-0.135187695840078,0.0711467514756561,0.093966606958724,0.118057038919341
"44",0.143439876316522,-0.139329262599198,-0.023640500091413,-0.0794174525450833,0.00194243219832805,0.073412482240599,-0.119512880231057,0.0877381299978073,0.105605878991753,0.131428386877917
"45",0.161439735607904,-0.123982011604892,-0.0280785697374097,-0.0836978644964361,0.00656337916914411,0.125689757604494,-0.0460802739784005,0.0919816879914646,0.0991725135148194,0.107164299025995
"46",0.164647902094736,-0.122965597498084,-0.0411362260815375,-0.0794242492507393,0.02360369126075,0.11920760529711,0.0457217447323727,0.108357469308646,0.0574455379741449,0.0558067233488424
"47",0.128281427102349,0.148351073091243,0.00977666951778212,-0.0523305693011669,0.0657920957207125,0.0733681242514566,-0.199733886601667,0.173296947249192,0.112176556573766,0.0305597897720119
"48",0.119263825774889,0.142674542084663,0.00882768976704392,-0.0454625026172689,0.0348029436877599,0.186530139779478,-0.119202383928102,0.180476512076543,0.0493016273442722,-0.000915873782218747
"49",0.108007611832176,0.150683458975448,0.00795769011865656,-0.0513261061129666,0.0391339620277152,0.216269283089708,0.0178582748726628,0.165486898248734,-0.034875736717163,-0.0433775660559113
"50",0.105426462671766,0.14274395025431,0.0180606728457122,-0.0436191037189723,0.117501110170554,0.148649541807796,0.124421047906003,0.143056869495559,-0.105885374196247,-0.078981988426858
"51",0.0994523077596798,0.138122451580182,0.0272609434175815,-0.021274249968481,0.206185800276282,0.0496747951493204,0.121625599152649,0.0669155502398558,-0.160785409028766,-0.101659877232004
"52",0.0993521659302749,0.118140955624237,0.0376471845675008,0.0219499449680911,0.25713902796835,-0.00219367444496173,0.0295767820730363,-0.0289561616987897,-0.18378115523854,-0.0991096157399046
"53",0.0879801571992019,0.10100959599981,0.0367292559671272,0.0649264643249082,0.214944983679041,0.0357554954011107,-0.0706655418766149,-0.129318138182519,-0.175396343772249,-0.0705359017145016
"54",0.0757314858552147,0.0828424991775706,0.0350729217716422,0.0948667076300837,0.121168747944173,0.122205761595112,-0.0864137627303811,-0.184608132578158,-0.126506277173241,-0.0156211747967222
"55",0.0726519556575328,0.0842455878444178,0.0404175327714464,0.0982341340068917,0.0364973916310888,0.179653573916684,-0.00671252163377723,-0.206492398400939,-0.051965010708827,0.050988115352785
"56",0.065689925426485,0.0790831960168416,0.0448277494977619,0.091929583817317,-0.0111659872695636,0.153927345786127,0.121470355054001,-0.180247988829017,0.0219265339485977,0.114927702226715
"57",0.0628967353208279,0.0838663416133417,0.0560448008985261,0.0798144825935107,0.00604872528063706,0.0425443379076932,0.199182166078537,-0.161577335028814,0.0940934907318736,0.152073482079838
"58",0.055670516950434,0.0567606408809537,0.0641366085425475,0.0898160944041005,0.0371959685549585,-0.0910665804813173,0.179714901855894,-0.118021988541235,0.14255210599542,0.158329676688151
"59",0.0480835850568176,0.0317242441496873,0.0694452636743157,0.104756519297784,0.0374154530964044,-0.171105073038941,0.066582437337313,-0.0969857827476795,0.164140381115552,0.123083191424764
"60",0.0341333469724504,0.0134782874000631,0.0664370634697974,0.110988624270414,-0.0288627789102646,-0.155296462043912,-0.0594345671659979,-0.0849971434209652,0.158979005232197,0.053134982966507
"61",0.0547961061975364,-0.338877827709114,-0.0398133513225491,0.101678774241985,0.0350780529248417,-0.0338743340164032,0.240329657975324,-0.0769352386304216,0.0734459342285031,0.00080238949208758
"62",0.0787669109365295,-0.344583993018425,-0.0291318681452378,0.124764568993978,0.0799723867816551,-0.168901756718492,0.137536290922585,-0.0828196026778987,0.0965407372191825,-0.0259060149660646
"63",0.0979576066661609,-0.365979056199441,-0.0247032588382565,0.158606557972052,0.0500008078950931,-0.194231901240574,-0.0266369812003642,-0.0777738292257751,0.1077441747932,-0.0446486656860476
"64",0.114105776534061,-0.379619932959326,-0.0232315336105944,0.176541317548028,-0.0512462349953567,-0.112939228333974,-0.138566176225933,-0.0496257070015629,0.111677780256335,-0.0526628310787622
"65",0.130506225519045,-0.370510085334092,-0.0214319448200973,0.160304274043034,-0.174425924851373,-0.000190506169957497,-0.12694691460869,0.00368754307570333,0.100040383346854,-0.0507245731227722
"66",0.144413452310677,-0.352328745318702,-0.0197455996047779,0.117258402332277,-0.254829841834069,0.0497934647111682,-0.0050101208336919,0.0880220614708436,0.0642323029502669,-0.0397284082275505
"67",0.168133680658974,-0.323801641032333,-0.00629606583372559,0.0624799276198794,-0.226653592325511,-0.0116851682476478,0.119614714667719,0.159390469792218,0.0221135621958207,-0.0261583437458997
"68",0.201281379455607,-0.287562577463615,0.0138924447698957,0.0161345124108237,-0.124116549084982,-0.13404115246333,0.134221028792226,0.17530432519982,-0.0254417011777892,-0.0164253048557707
"69",0.286841370896311,-0.117708400150591,-0.0365917589733404,-0.170914507201987,-0.0930044232470055,0.0658977621030394,0.0859467884418392,0.0205821577179745,-0.103993007047862,0.0441724655652946
"70",0.195852421050376,0.200148557602125,-0.211016258921796,-0.110015455392065,0.000373171726504327,-0.0303031500750346,0.0763094064266011,0.0124811390581572,-0.0767884105248341,-0.0623787243580748
"71",0.179765244976134,0.211803633845247,-0.218703428294903,-0.0788156398386445,0.0486348581882267,-0.0740347963367686,0.0279944914879974,-0.00473441168744124,-0.0897237615051858,-0.0665950339238824
"72",0.163436417072366,0.244849155126546,-0.225791176529694,-0.051148098824016,0.0519546603675831,-0.0607942545592201,-0.0530960906302539,-0.0645417699488845,-0.0898763873841451,-0.0599652497055786
"73",0.156453557056886,0.243313139900677,-0.223414740269131,-0.00905151241690465,0.0345631955560199,-0.00394085686013401,-0.0886418999070745,-0.0627022778152468,-0.0647640107631211,-0.0278826142988817
"74",0.154088146187313,0.246435679458467,-0.209581110237404,0.0266286560003267,0.0210205647089482,0.0554475181783701,-0.0704758569151419,-0.0391632176755881,-0.0166576386772181,0.0178596161658159
"75",0.149015594223135,0.268451524137439,-0.19198605547915,0.0488500349198489,0.0125529503784666,0.0875225466134011,-0.0171269298465077,-0.022182615509187,0.0298885421416958,0.0612290976182302
"76",0.133568717230731,0.282905654961437,-0.176895026034347,0.0701283251228603,0.0102088707125366,0.0765082965874018,0.0486691038139615,0.00408897093571648,0.0573661078038505,0.0913451846473208
"77",0.130180213356762,0.281473562228011,-0.146919088823986,0.0997592206661534,0.0536365470019719,0.0209231460918433,0.0827377634072064,0.0370018428250719,0.0815640735174219,0.100727389010041
"78",0.120901941252281,0.27259724840569,-0.116427001365823,0.137586283880445,0.0882108200135492,-0.0330445586666132,0.0555422413312227,0.0544656722915476,0.0860364491133532,0.08476568254013
"79",0.114318588934562,0.254396724151828,-0.0819920129617028,0.179385468673338,0.0962841717009781,-0.0489853780784989,-0.00893070825805209,0.0603772800372982,0.0757684809529922,0.0459131645729406
"80",0.110995101445201,0.249909567056253,-0.0440048252277063,0.207706625816966,0.0693631648032532,-0.0149176746049342,-0.0685181533173738,0.0445185399610416,0.0586058359151564,-0.00861957776654492
"81",0.102559107531868,0.236948971471488,-0.0081848085634951,0.225669613022217,0.0135231713974798,0.043679411428143,-0.069307603394374,0.0568464422900049,0.0343188684099329,-0.0579646072171575
"82",0.0904827038790234,0.236676728934818,0.0271648418661866,0.220177304628645,-0.0372376661142663,0.079234055219838,-0.0142699724586931,0.0656604186353291,0.00412899419244587,-0.0959355583237163
"83",0.0885447085670838,0.243530196396863,0.0714447934337555,0.199413544752626,-0.0365924255914372,0.0599071390755896,0.0537081840282675,0.0639191466920966,-0.0178972162405134,-0.113723489476512
"84",0.0804890674323526,0.263653663991991,0.110131441898612,0.16899579160992,-0.0178756581681647,0.00642444096656976,0.0805841140157118,0.029050305623809,-0.0414088655937086,-0.11006790957668
"85",0.0508634841890149,-0.0966206006790392,0.124765472382151,0.00544524463074008,0.00204459686942432,-0.0466316814729869,-0.00829771421245568,0.0374984918644697,-0.011486030051681,0.0474280730901988
"86",0.0631462844735686,-0.105888852287907,0.129888669068537,-0.00491653142030076,0.0152948697398161,-0.0312678928343454,-0.0455633431699491,0.0371961550239442,0.0241767762939154,0.0887429618678574
"87",0.0755321945112858,-0.123166767721302,0.131919348981797,-0.01196419088347,0.0146389359740961,0.00563200011819024,-0.0625623206017868,0.0468074762027977,0.0556155463661414,0.111090553749573
"88",0.0883587713366812,-0.134880381192975,0.131754114445251,-0.0232905622468708,0.00979979288650483,0.0440282588574101,-0.0503911947398037,0.0537939539339917,0.0742269425222866,0.106155127623043
"89",0.0938116963027897,-0.146779342641082,0.124019597558689,-0.0366371989339775,0.00242796634498754,0.0649073477966026,-0.011890991324734,0.0615916598256132,0.0701405943946461,0.074542923926871
"90",0.105470887734175,-0.152187657520781,0.120424340822569,-0.051499502561625,0.0263272200268862,0.0541344498363064,0.0236322451531269,0.0525157770730493,0.0604386302977062,0.0220174110648231
"91",0.11701396565999,-0.159162949839109,0.114975897185929,-0.0594075107126448,0.0591368085051594,0.0285822554934307,0.0313272202099751,0.0306641793731682,0.0413581529090135,-0.0372594433364422
"92",0.12023672570241,-0.164413413383934,0.0994249346867989,-0.0620921686367742,0.0667023947085266,0.0146815148758303,0.0135026725842304,-0.00341101861227395,0.00790161387548456,-0.0897551656254455
"93",0.129832771533419,-0.187283047246816,0.0866151986851347,-0.0526651596925128,0.0730482731078406,0.0147259157818516,-0.00516387711875317,-0.0116404759423025,-0.014707756311639,-0.116704206356217
"94",0.130304824996241,-0.201443113618015,0.0668276004307223,-0.0460095751358634,0.0535474555572062,0.0308786901239252,-0.0162907312173472,-0.0240916505401473,-0.0330364597579836,-0.116941469320289
"95",0.137245317852802,-0.211417775493452,0.0508932966666271,-0.042395017170297,0.0373201365926459,0.0457709639182212,-0.00703724049295492,-0.0298840471306597,-0.0380455163820431,-0.0894300019571756
"96",0.14305891776677,-0.222183515071335,0.0341653348785575,-0.0390274688411223,0.0243460704159442,0.0475424686829774,0.0173786708453601,-0.0242378776052665,-0.0360743691823379,-0.0404222856742382
"97",0.155766882234855,-0.230499523568914,0.0244831732466374,-0.034983686032177,0.035135967695083,0.0291068063736075,0.0351210169930523,-0.0206056868480024,-0.0194608190621091,0.0168074407702665
"98",0.180511972528562,-0.230655915005186,0.0237724900114036,-0.0287796146623367,0.0638173013821356,0.00499495943371811,0.0243012839197707,-0.0304472646500569,0.00794594024048488,0.0679487457072051
"99",0.189922214493926,-0.241629229123852,0.0104802515838407,-0.0139785547689046,0.0522192971554755,0.00146873253797366,0.00349601342529303,-0.0262154478589762,0.018836115414861,0.10412190664478
"100",0.185858839190586,-0.234957694718275,-0.0133657319936453,-0.0106150214857403,0.00374541682752792,0.0153325453401559,-0.00479430715655848,-0.0381224424008246,0.0136146736394903,0.109712456272981
"101",0.186636498659507,-0.232441509123014,-0.0333281734726438,-0.0109771365280677,-0.0354978944226053,0.0196215374337668,0.0175535188018966,-0.0297507485340222,0.00674913948252848,0.0896725753964559
"102",0.16925766624701,0.253609714333029,-0.0712625828971542,-0.137491730704782,0.0455048201128011,-0.00639199460181708,-0.0988070808306076,-0.0458458184081401,-0.0696155262696629,0.0350468980169755
"103",0.155237919888187,0.251855935848516,-0.086245984714916,-0.120876420368966,0.0262074396386902,0.0663562092984966,-0.0896184193025413,-0.0587221121606544,-0.0542008674497126,0.0415820711697657
"104",0.146283465894841,0.244419691264764,-0.0931764249598318,-0.101480327503094,0.0289953993249557,0.1074165837434,-0.026113462827133,-0.0362828492126595,-0.026687535357743,0.0476831172186151
"105",0.136369582340639,0.232940731081816,-0.0949401834255073,-0.0764437368029897,0.0613378775454791,0.0963424274083157,0.0429702925562544,-0.00722685288121596,0.0047458102856579,0.0482900929994047
"106",0.120392353118275,0.234356076573994,-0.0953156743044746,-0.0500958815566692,0.105241271337555,0.0531034541207561,0.0663652249340558,-0.0163337633003395,0.0359873366625778,0.0352956122387779
"107",0.110644101982021,0.22559380480188,-0.089016600129782,-0.0103976552258557,0.146828431275145,0.0135547773433594,0.0397116053719811,-0.0313762392806125,0.0659702033054932,0.016298022130953
"108",0.106220390766366,0.202717277125483,-0.0773343399400477,0.0409774275355419,0.161724790399413,0.00881985346893223,-0.0130172246150234,-0.0379826726572673,0.0891760290067297,-0.00316893887314343
"109",0.0980526082660599,0.195972127727408,-0.0671686736102795,0.0810111068112368,0.128042378656136,0.0471617751560014,-0.0542156042451626,-0.0632546049298077,0.0973347656607675,-0.0274759901479499
"110",0.084506942013288,0.183791450652169,-0.0576231533528963,0.112942393174617,0.069070108932586,0.0959720409306375,-0.0351103893371302,-0.0522489893702093,0.0926356302365408,-0.0438852475596224
"111",0.0755341282434893,0.167842938513866,-0.0400656972405079,0.135689599284852,0.0317938279487678,0.10596680233225,0.032642093835193,-0.0084195314532667,0.0774376892828149,-0.0484452438798781
"112",0.0639460700412523,0.155146491102106,-0.0200738232040094,0.149689739219431,0.0212091563363614,0.063263830556283,0.0962222347002536,0.0310492729385102,0.0467062269237017,-0.0462017078749146
"113",0.0647358243946718,0.134572694383548,0.0137949271110591,0.166623585964335,0.058467634196221,-0.0149394531080394,0.105768252852594,0.0587050753318665,0.0251834034966647,-0.037589218837281
"114",0.064416328164825,0.110504946189684,0.0482726587110762,0.188669413250656,0.0851155569103049,-0.0717533818824978,0.0460751904134231,0.0681896512163197,0.00457290074549415,-0.0230601866741788
"115",0.0607703048716756,0.0892549357600212,0.0780288029740983,0.205767607157942,0.0632190664247248,-0.067390374347128,-0.039351536916972,0.0582416521630758,-0.0186746208646524,-0.00757525999357619
"116",0.0557539515628655,0.0774586597046233,0.104233689674878,0.204421571276528,0.000239613355585389,-0.0103859540382461,-0.0863688507407525,0.0384826233542566,-0.0369681597662181,0.00423177898946502
"117",0.0600812511192095,0.0978767877470872,0.134531201434599,0.170936975921509,-0.0589318284502821,0.0529645642129785,-0.0692267945919872,0.000593681973903614,-0.0409108111443058,0.00921505565654021
"118",0.0384903866138862,0.119294997155965,0.139947494980739,0.119277575637222,-0.140748145536141,0.0827978840652046,0.0181129188395243,-0.0123792643515242,-0.0702046852638574,0.0121730479267103
"119",0.0284541848912129,0.130247563457572,0.151614893757009,0.0624595691289167,-0.143913034636872,0.0290439113621598,0.118702087424491,-0.0062030172851186,-0.0868159982929938,0.0138356611128709
"120",0.0434583824840933,0.131104129188159,0.181111596368795,0.0186984756048788,-0.0506535024093756,-0.0834071673913824,0.134392356820601,-0.00957706808263655,-0.0663557539875097,0.0157794643064811
"121",0.0386716378456832,0.117944592862922,0.191259952086252,-0.00358426849778872,0.00691231733054856,-0.15677860704194,0.0443338563178142,-0.028532118767232,-0.0460963930413019,0.0190328788755437
"122",0.0378214060798739,0.108021357219514,0.195355392471296,-0.0209372551237163,0.0144908424341093,-0.140803213864043,-0.0861290118445836,-0.0662571105645225,-0.0151948898669137,0.0194547101082394
"123",0.0464809258588305,-0.0610063906360053,0.105113029998819,0.271611097375068,-0.067637104289115,0.0439267905619112,-0.0980975702197003,0.0330388190201288,-0.0676309095559254,-0.0476851860535594
"124",0.0583281305908785,-0.0667486552195051,0.140937728335639,0.236528579086972,-0.129248811655601,0.0834544740217752,-0.00241060141470468,0.0664709511008694,-0.0861434987335146,-0.0444062848974247
"125",0.073775427555921,-0.0556518993620869,0.181148193089662,0.183134520586451,-0.116020269534576,0.0390151864027301,0.0943663330834058,0.0807292731600436,-0.0808492797587643,-0.0294950386071316
"126",0.0982409855596654,-0.0553038237963209,0.225225536587671,0.138467756303846,-0.0411846137517491,-0.0567768356394208,0.115233440999509,0.0806248310159,-0.0547080556768484,-0.00278005686684644
"127",0.114543574097593,-0.0654476144167545,0.256014402973597,0.10778423976357,0.0147591551803767,-0.124821752529874,0.0406306447289094,0.0547515122511392,-0.0277876655781848,0.0266774412048969
"128",0.124204554541661,-0.0838045388028806,0.273608539048849,0.0835073418714076,0.0178296388664764,-0.114459377349133,-0.0701310866933094,0.018916387533069,0.00196922557964021,0.0507975097167562
"129",0.143715152334448,-0.0948892495671404,0.289543729327961,0.0503235221538652,-0.0112867570552037,-0.0350388702400073,-0.141836371247015,-0.0133202245587916,0.0395833315982755,0.0638485894959749
"130",0.157795026307232,-0.101000813573163,0.292076867729326,0.00359954041889768,-0.0709004091592595,0.0658512950138077,-0.121119801434743,-0.0169091050899707,0.0584726459182425,0.0647284659586503
"131",0.167182910561727,-0.121560726001408,0.286383708097364,-0.0462865701006929,-0.100128713363944,0.112767331673988,-0.0134231471386929,0.0309124214313306,0.0611366879784168,0.0567339270534296
"132",0.173231887508767,-0.142633489034324,0.278166697772745,-0.0946585728636281,-0.0611452623397054,0.070136783927171,0.093586289796403,0.0765772752340105,0.0554145163086045,0.0353627532709915
"133",0.160689560659833,0.115871705342171,0.00286525259301421,0.00796923945616798,-0.0571631750305952,-0.0686690203096896,0.00382795711365918,0.00326154890196877,0.000210656763772337,-0.0335548389474458
"134",0.153912966737877,0.112965499983378,0.00578629281131341,3.92587288474311e-06,-0.0556174484841996,-0.0652389369454597,-0.0215593602509088,0.0130420665406331,-0.0252886656584172,-0.0570182137559614
"135",0.15694685330109,0.118783019894396,0.0153557892719786,-0.0114256354829061,-0.0426483528065753,-0.0475850682409283,-0.0451556102456763,0.0128725579952029,-0.035712034773943,-0.0673618956031028
"136",0.147238582301029,0.120903593545717,0.0145564832133935,-0.0218547712956339,-0.051867658662621,-0.0154197717589415,-0.048191995504165,0.0229926964751339,-0.0466582397565134,-0.0584038510223709
"137",0.147828437908694,0.126273716818033,0.0211539625397685,-0.0343316126715317,-0.0361654420074594,0.0063936167628003,-0.0326026236345803,0.0333234916074142,-0.0398774342388818,-0.033776879109815
"138",0.145634883666927,0.121296774412026,0.0262534730992042,-0.0392858942551138,-0.0107546551692034,0.0138193699360232,-0.0116194182687282,0.0541860947835701,-0.0273316024517519,0.00290257584726713
"139",0.147689601932403,0.121835406029888,0.0346126212661922,-0.0423072494923785,0.0293613918765872,0.0107048895420977,-0.00785252457985368,0.0522454920150179,-0.00728015025032919,0.0368749705127562
"140",0.143732593699623,0.113548317468436,0.0379164721153499,-0.0363843286284559,0.056244835043921,0.0143632940851513,-0.0175520832210506,0.0461354457859687,0.00890975785096444,0.0622786398927916
"141",0.139904993478594,0.110914748870982,0.0403246360020299,-0.0301368000854356,0.0697355105511888,0.0304280548570987,-0.031860444089419,0.0230937363816049,0.0216758833716775,0.0702407321324382
"142",0.132161768647905,0.1151871269421,0.0376599551911552,-0.0274952826339006,0.0598485620349754,0.0575352720957887,-0.0326028198811679,-0.0101051954980159,0.0227131529758659,0.058377784381988
"143",0.129819774852001,0.0991655863898629,0.0387229215294435,-0.0170492423869444,0.0588554504303515,0.0731828659676602,-0.00555936773563379,-0.00934893763351007,0.0233804511946392,0.0371475290533601
"144",0.12605891805846,0.0851451514764564,0.0403322400535842,-0.00675336501761045,0.06552468730568,0.0676400276191283,0.0241204257434096,-0.00734573104469058,0.0209639808477086,0.00833927431210499
"145",0.0973122318255435,0.095502146572979,0.0220512382738558,-0.00971225470886805,0.0305374952373999,0.0555634954898606,0.0438824441205203,-0.0428346913297408,-0.00877635391479892,-0.030015425365122
"146",0.0814538220907022,0.0966557101834809,0.0119081141723112,-0.0110494772041333,0.019251712363018,0.0250368161000156,0.0609053259159369,-0.0666459994701622,-0.0296276561429377,-0.0620167596410866
"147",0.072906487160527,0.0931993398910096,0.00764896203109815,-0.00832146231941457,0.0243142724490298,-0.0126124069388193,0.0550107271165566,-0.0827536257432716,-0.0362623930814282,-0.0780135915845475
"148",0.0680071020616458,0.0896137014020674,0.00607425256566318,-0.00271191759610566,0.0274274087667483,-0.0362821009544674,0.0237366757510062,-0.0970230497389803,-0.0294283923505999,-0.0739579781768917
"149",0.0508110299929758,0.0989141931884642,-0.00654520172699295,-0.00484767864491566,-0.0106082957372912,-0.0283382819032471,-0.00959607895555769,-0.120786777572323,-0.0262869616621987,-0.0549906034620554
"150",0.0391071026311656,0.10731404407406,-0.0157770412634115,-0.0114545464313445,-0.0481297607143195,-0.0101448844333824,-0.0123644492107529,-0.118530559695291,-0.0119545233919115,-0.0206898602399876
"151",0.0270460509569031,-0.224610083651312,-0.131272110054031,-0.0123527564988503,0.00550021006110176,-0.0378882074232852,0.0864701756993323,-0.0252609120868626,0.0987302065128436,0.0421522113260581
"152",0.0398503773654478,-0.240481656025382,-0.135564732716729,0.0215936282347876,0.0281578894024726,-0.0867629189405127,0.0437289415995355,0.0200795439031891,0.103845792818508,0.0307547647467781
"153",0.052979195103676,-0.241131116047704,-0.136628498889002,0.0513892245151862,0.0230834757818135,-0.0894307851719712,-0.0299643591218664,0.0341192488411253,0.0947021150512494,0.00544362037779864
"154",0.0656531402666985,-0.238462811035288,-0.136005719880806,0.074812026618095,-0.0149663860986189,-0.0447867711568566,-0.0781127596524875,0.0494522547553491,0.0723589151420704,-0.0246177604138887
"155",0.073435758775626,-0.227679755758893,-0.135997788121464,0.0837598479433851,-0.0697809010858981,0.0128119083509847,-0.0662543324476459,0.0728357035378503,0.0357448367813978,-0.051967505394308
"156",0.100679202739991,-0.204992744040194,-0.118012581866354,0.0793641587672946,-0.0730681495318422,0.0341240795180146,-0.0136253357499002,0.0954549862159551,0.0067232818101819,-0.0693000093826352
"157",0.112929855845247,-0.189245066946701,-0.107915095154747,0.0757770980924127,-0.0681434877250497,0.0165546201461818,0.0417734420080004,0.122234868227721,-0.0375452522399326,-0.070927714416654
"158",0.125886662033069,-0.173415222218046,-0.0938654453907874,0.0738828740996895,-0.0344922008964231,-0.0314869287833056,0.0596944174875159,0.126818492979578,-0.0750187004734775,-0.0598562373186907
"159",0.142780158872545,-0.16307759166802,-0.075596740249626,0.0797320922703094,0.00653954123795219,-0.0728805991156326,0.0240853622223781,0.110384832366406,-0.0979663914568285,-0.0368536798870545
"160",0.16479257676721,-0.145663681176779,-0.0547635025162213,0.0856244925142322,0.0263569055810083,-0.0707289298437625,-0.0461322990203668,0.0643814966500068,-0.10290458167254,-0.00794916576013368
"161",0.18751176355354,-0.127538714858573,-0.0358946751504717,0.0878350321412075,0.00901030286018274,-0.0183159979946565,-0.0962261510301351,0.0186422904040822,-0.0924123767789978,0.0239683584305885
"162",0.203166772995972,-0.118829917477326,-0.0230359749398218,0.0854868242929405,-0.0340825076762679,0.0496784178752905,-0.0796334271851134,0.0102814004546618,-0.073860121816996,0.0578491307047183
"163",0.164905329739955,0.127797552968007,0.00961188878864697,-0.0254897277522321,-0.0888885332776328,-0.0814111418425927,0.0443431334468641,-0.0167460669679407,0.0177465338888221,0.0297370530842971
"164",0.163561266293348,0.133818971356683,0.013978723852592,-0.0406549695079512,-0.0539856567023953,-0.106801514648367,0.00103745941135068,-0.0143443853589574,0.0299671613280199,0.00412035988480484
"165",0.16303452863813,0.135800570615152,0.0170954629126401,-0.0484348998831585,-0.0352648572123804,-0.0924652885948436,-0.0577964575422902,-0.0115563686648981,0.0400010484132547,-0.0201316180429454
"166",0.163784113356976,0.134560024682673,0.0190687083178221,-0.0536307354672134,-0.0347826317888776,-0.0417391211486116,-0.0935451041901149,0.00193339365972952,0.0459704685741872,-0.0367904040300616
"167",0.157854770039773,0.131180160519446,0.0160323114929854,-0.0601459422915068,-0.0458531294580857,0.0185042707372987,-0.0809917260791189,0.0319274651422645,0.0443718870564096,-0.0421565991985908
"168",0.155187494533034,0.135857999745527,0.0171958925413496,-0.0710946472516801,-0.0308085223550975,0.0518947842351741,-0.0349208709635495,0.0596597293062755,0.0427844419478223,-0.0377586159426883
"169",0.147232063138097,0.137668420068196,0.0141487162476037,-0.0774808544456668,-0.00240841296901739,0.0502341486200559,0.0139894820157987,0.082990436027652,0.0251495019837744,-0.0263149234022147
"170",0.132209996428235,0.127058976914391,0.00702906505512845,-0.0719984134560244,0.0353914472159164,0.0228167924646867,0.0389134188168654,0.0995695131545252,-0.00299171962005318,-0.0120472624188574
"171",0.129868522757521,0.113471873478733,0.0116168808817863,-0.0555641840461893,0.0985153560517412,-0.00853927917984423,0.0158669620769463,0.0896863854878023,-0.0157495380888272,3.46352942395228e-05
"172",0.122726604770423,0.105992229744693,0.0115470916292216,-0.0342346251558251,0.122557602573013,-0.000967110283671704,-0.0410147720230923,0.0470760966429288,-0.0307916835314145,0.00620927598022395
"173",0.121984522629852,0.10114218718772,0.0132879369610872,-0.0138925224338492,0.11290296005742,0.0479846841095705,-0.0802064852115653,-0.00210610816053028,-0.0399281062420547,0.008231360507125
"174",0.104940869179552,0.103329006468092,0.00191733526859586,-0.00407459436884972,0.054544917869012,0.113410838252294,-0.0591900193735301,-0.0414731571805898,-0.055642896934175,0.00717543674995454
"175",0.0957160652960873,0.110277057635309,-0.00210449276231926,-0.00522943158287558,0.0230753114941997,0.136807874546647,0.0176539512492924,-0.0637358109402225,-0.0573324614955818,0.00558556399201865
"176",0.0950989719839441,0.103469977421514,0.00177194461331223,-0.000710097907840111,0.0388731607177328,0.0953549790856164,0.097389888497365,-0.057754796082709,-0.0480326820071513,0.00913918931761711
"177",0.0798929871336259,0.104267854422827,-0.00274271390966352,0.00557108622258468,0.0558323103763665,0.0208012004229336,0.120426979201399,-0.0734067213537592,-0.0407394790450141,0.0101838848131111
"178",0.0687436304005686,0.100069654078957,-0.00388649734334086,0.0194998635111028,0.0740387209347079,-0.0461620979588439,0.0799197472406167,-0.099967962320807,-0.0194635996672066,0.00920411590484041
"179",0.0671639386668525,0.0793502126531727,0.00147738793356514,0.0452492030864406,0.0766660881215852,-0.0696950190943451,0.00556806274403079,-0.104376626130763,0.0172529380784523,0.0130416186782967
"180",-0.0118727746914501,0.0616512963490683,-0.0311933938340274,0.0890563247520855,0.12886732629148,0.0728587840833278,-0.0755785840979773,0.0257781130065357,0.047475834022176,-0.114550008693772
"181",0.000401436628959709,0.0231515480446422,-0.0453097507766457,0.00916941309027283,-0.00662578300902003,0.107864641896925,0.0747685601391679,-0.0548791839300634,-0.0835122802823936,-0.0174820311406637
"182",0.00389094378547783,0.0409957315864503,-0.041022224647942,0.00568268875007521,0.0220569587581632,0.034793572159342,0.122839295851556,-0.0742606924050448,-0.0801177025448344,0.0177329111423609
"183",0.00598088262367859,0.0301794256609821,-0.0361160537111525,0.02416622542708,0.0600089463287454,-0.0480778840295794,0.104226179513701,-0.0695387505957926,-0.0615199620268014,0.055907933173644
"184",-0.0200029692023931,-0.114542850149617,0.0711786271599096,-0.200688781043174,-0.108394061094571,0.0510962286703646,0.0767435198255244,0.0690529324739392,-0.103427116413544,-0.0160073516477989
"185",-0.0120331675149742,-0.114812952098846,0.0512776325294752,-0.220433176235342,0.000979138393026912,-0.0378811348446254,0.103701203655272,0.0778517674179666,-0.0972924100141459,0.0565020315329869
"186",0.0106814078525857,0.0763993702110843,-0.12214381402654,0.07255777327584,-0.132775138325443,0.064014054872769,0.00418632071981656,0.172473042796193,0.111846951580687,0.0990554724374973
"187",0.0678824832409123,0.138935432114375,-0.00604725444150916,0.0711354438339223,0.106638775997957,-0.0477700629302739,-0.0467071462879014,0.0888807199805918,0.0803671569429191,-0.131511550971749
"188",0.0740209651172429,0.124715659418066,0.0182149540024961,0.0965329865491697,0.0962944148440148,0.00941284441571791,-0.105907989015169,0.0696270092195485,0.025220832935079,-0.171274436295806
"189",0.0668169630791207,0.116642575451453,0.0310410280524783,0.107672969711383,0.0352932824341306,0.0926967478331276,-0.0947868058631825,0.0599147430731709,-0.0428926923037882,-0.174749836479344
"190",0.0589420057267138,0.11679192571618,0.0454366898697163,0.100680943507987,-0.0069413817833134,0.13688860842943,-0.0118938190993526,0.0599652555170333,-0.0981509678401644,-0.141051489981516
"191",0.057184400324796,0.11818887883429,0.0668311898133756,0.0874157455913825,0.0065271046950266,0.106878921136022,0.082274692285071,0.0628928269837343,-0.130150061275993,-0.0756296366814648
"192",0.0573849589214337,-0.0834211066731988,0.120843282619518,0.0599072213984639,-0.016909746326236,0.0419875059458308,0.0824044626827956,0.00887867016977644,-0.00277732347724863,0.0285794221297332
"193",0.063230969696153,-0.0908227930633095,0.128961893615858,0.0440470305582821,0.0119035392046224,-0.0235095538705719,0.0875579791633758,0.00663746561091951,0.0096048109738509,0.0460358668692817
"194",0.0844994118253116,-0.104349830342707,0.146158892516926,0.0387042335090044,0.0600316055744602,-0.072991816603266,0.0303305995035865,-0.00566057123188688,0.0372389368604482,0.0534352662338712
"195",0.0722159077463806,-0.103281038888975,0.131651959876218,0.0266578891180578,0.00911517260619673,-0.0536009874776071,-0.0441575203502728,-0.0443252018099923,0.0277881525036066,0.0423015265054861
"196",0.0736793212041515,-0.116426021601828,0.121228617073417,0.0112769997404859,-0.0477624557368601,-0.00486546645830862,-0.0600153118620678,-0.0439648475589504,0.0194119927918116,0.0230234381676251
"197",0.0723914089932682,-0.116132144311503,0.107892243666799,-0.0189032485744343,-0.0947072714034007,0.0308232622772698,-0.0205321040702445,-0.0321857539077955,0.00974607666038802,-0.00201627502221492
"198",0.0803055301065225,-0.117599898261071,0.101820561355521,-0.0506138934034896,-0.0875883088432742,0.0184762175140091,0.0392084054316125,-0.00387437717284779,0.00895433301269476,-0.0230645132357362
"199",0.0857345963763488,-0.108863740076068,0.0916529814191802,-0.0815600289461245,-0.0560630642081481,-0.0267983157669906,0.0629453344047236,0.00059265425888785,0.000997257518122241,-0.0408671833143009
"200",0.0859275637821103,-0.113510370803781,0.0749582326224604,-0.0972288015818177,-0.0222969006450241,-0.0704083523945901,0.040796680063903,0.00513458089530541,-0.00830663925204093,-0.0475303395011902
"201",0.0812375035967103,-0.112618221300969,0.0530247583243868,-0.107455738383842,-0.00692122348936334,-0.0805406349131472,-0.0164164899899395,-0.0109008628352133,-0.0123620567428115,-0.0455125935029888
"202",0.0783409812609778,-0.0934980108632485,0.026715341407008,-0.123488389946866,-0.0247982636522014,-0.0451110450845152,-0.0693489732754328,-0.0509487222141463,-0.0192712827798021,-0.0387434355659108
"203",0.0785509075409619,-0.0924686856746631,-0.000860095035584867,-0.132343719490655,-0.0525951939346671,0.00849303655773717,-0.0665970000910101,-0.0445235032463068,-0.0241963770054493,-0.0183233928839783
"204",0.0841657536040994,-0.0970683116829712,-0.0214912208943755,-0.137733938937614,-0.0485293762911402,0.03652135819499,-0.0211374224956638,-0.00960946561169282,-0.01508210352214,0.0104080197797793
"205",0.0824801312055084,-0.087475351569461,-0.0450623092158261,-0.144431651543973,-0.0296500956919575,0.030237048536287,0.0232528504818594,0.00818754998450345,-0.0108844216108692,0.0345597834253904
"206",0.0756660656700435,-0.0675919078053689,-0.0732323520777329,-0.14893521095829,-0.00891529130258944,0.00348584353535701,0.0410610854135336,-0.00291975034206453,-0.0190629265240477,0.0447142176188699
"207",0.0766321816696864,-0.0720909321696299,-0.0938923535427873,-0.132358630537964,0.0317423674510913,-0.0284629530293968,0.0307530468495335,0.00447693033043607,-0.0165365114070586,0.0477182379167334
"208",0.0781787813267612,-0.0682588669917555,-0.110878004546679,-0.109593210472114,0.0608566354558507,-0.036832217014087,-0.0150096288891061,-0.013195733738601,-0.0063354802953994,0.0375947595109918
"209",0.0822478730737357,-0.061805274196816,-0.127122868356154,-0.0831646936998459,0.0568185376245628,-0.00679922242838476,-0.0578730225316804,-0.033551174227277,0.000659079284722889,0.0193509660633326
"210",0.0758746503629351,-0.063421055233847,-0.147960546418133,-0.0548796127609507,0.0204033806349168,0.0430132980662641,-0.0544408486180473,-0.0258683186774719,0.00365556829193289,0.00147377672832982
"211",0.0692903659414153,-0.0463107532699383,-0.163618750050419,-0.0401346733938119,-0.00745010518470595,0.0723072900207986,-0.0102173021336304,-0.0257963586630466,0.0101450745362014,-0.0180958297552242
"212",0.0688905164679365,-0.0279652076234604,-0.170723172483801,-0.0273718084184314,-0.00561397420960775,0.0590350346222288,0.0465007613676522,-0.0204893907128866,0.0146313341752445,-0.0322596670962557
"213",0.0710730158126787,-0.0129371055326107,-0.172904957470093,-0.00956335210702176,0.0174051028624966,0.0126719716294194,0.0750946994351534,-0.0185006330314809,0.011886477278954,-0.0395545808463154
"214",0.0707249259168283,-0.00408585590844929,-0.172145128028947,0.0172589028421596,0.0419741442179667,-0.0355264216457888,0.0569636464925775,-0.0217164709482663,0.00873768354217093,-0.0383027537728466
"215",0.0636125115436933,0.0257956221347825,-0.174876292428021,0.0365290752883176,0.0277204169419249,-0.0495394023412485,0.00331029164694486,-0.0615581994934477,-0.00464493651925177,-0.0365062073481679
"216",0.0644601626111054,0.0382321736121293,-0.172785528569079,0.0597365350852352,-0.00778905868239819,-0.0308322587269421,-0.0288775800181446,-0.064260133612077,-0.0196134790423443,-0.0240588873096145
"217",0.0680971082121261,0.0278134127316632,-0.162880988482297,0.087262492797581,-0.0361780281087163,-0.00869742265043092,-0.0192229629070546,-0.0121403550151877,-0.021990631848621,0.00177583024724108
"218",0.074677289119333,0.0265325693830986,-0.142960958070198,0.105519381324717,-0.0395522216913453,-0.00617666239142883,0.00423673149217419,0.0382111283988797,-0.0102712843187111,0.0285750626620642
"219",0.075847382099325,0.0369911094352101,-0.122491685133402,0.115269115666986,-0.037662403703552,-0.0185599474633069,0.0183072947967234,0.0684903290151888,-0.00185272049005722,0.0478347369121596
"220",0.082830989012952,0.0402482199340205,-0.0947571041722281,0.126473275927524,-0.0178329804444332,-0.0385965460589921,0.0147431775610636,0.0936791558017867,0.0107198731447215,0.0571091169278941
"221",0.0976914682184123,0.0425373789776755,-0.057369740917441,0.138436354774896,0.0154430188635762,-0.0489427179831293,-0.0159336470941685,0.101127468804113,0.0332524595253821,0.0535388721319809
"222",0.115627639084735,0.0534682382120988,-0.0189593448559721,0.144839203553871,0.0280179637738591,-0.0285952351904967,-0.0591376612790933,0.0828942008702706,0.0476551105892549,0.0351556491017916
"223",0.10077848671358,0.0676825091601204,-0.00844288407052811,0.139552156776198,-0.038027619740037,0.0252821666732382,-0.062380049747974,0.0644998187563488,0.0198883617333301,0.00595472395373392
"224",0.105441404676552,0.0703979490308602,0.0179281571484066,0.126841896269074,-0.0548839435200511,0.0492306201542762,-0.0120773548327551,0.072371273870343,0.00547698532179766,-0.0231518572089125
"225",0.114968247192659,0.0869391881099668,0.049019369505899,0.103699304226753,-0.0351430844511322,0.0321522972124777,0.0334614779238392,0.0580132720901409,-0.00825089930455533,-0.0498602898084948
"226",0.123946698578346,0.096990136861101,0.076543369830597,0.0844811395357431,-0.00434561299566572,-0.00515882558108088,0.045778028200591,0.0349507917529006,-0.029238705162372,-0.0657093088115798
"227",0.128200183056433,0.0909962948029354,0.0979631303653105,0.0756840459164522,0.0197430328877003,-0.0347831659731429,0.0236377979725273,0.0200298003074261,-0.0471576233863156,-0.0635929881605722
"228",0.13399847001246,0.0834861300467066,0.118575164548456,0.0693563389487776,0.0331576411819294,-0.0377213487272472,-0.0204666816427742,0.00141279075369029,-0.0488676456658341,-0.045067306549337
"229",0.138480901619454,0.0824611504769523,0.133076434388716,0.0577620221592228,0.0164284477603816,-0.00678038929101817,-0.0550395256400501,-0.0193378272002279,-0.0446946641671996,-0.0152545337672971
"230",0.126414687062544,0.0559735066923328,0.132695379720519,0.0497906341137476,-0.0299809413326139,0.0344113540121368,-0.0359362584761261,0.0104530877272232,-0.0422779773567921,0.0257059940471512
"231",0.117296217776151,0.0501200849977969,0.136009818723591,0.0248591686505152,-0.0442925341649925,0.0441197730315443,0.00944687554046557,0.0216090946015896,-0.0230108013245966,0.0578589438424053
"232",0.114880018466713,0.0508611147001187,0.142231157549265,-0.00394629831075742,-0.0243582525904132,0.0190816177207299,0.0432476956561646,0.015621023310573,0.000388198483965935,0.0750281606401067
"233",0.133956373485549,0.0400817427038478,0.160733837589374,-0.0197515912076073,0.0394652796949378,-0.0224166142405226,0.0344245516209372,0.00983945650369237,0.0347577759263069,0.0777083689901295
"234",0.127729472940699,0.0250934081481944,0.156812139577297,-0.0269412818630338,0.0491870069228582,-0.0301234166954272,-0.0104012290132687,-0.0077992047571533,0.0458590555143833,0.0617407170316317
"235",0.116850889512662,0.0267184458315309,0.143811414555349,-0.0429950444367191,0.0216263897376978,-0.000622783752037862,-0.0486658888687989,-0.0476059220274314,0.0439202174741034,0.025860759042546
"236",0.112439946557528,0.017773002160953,0.129384525261373,-0.0587121425689615,-0.0131740286660334,0.0387724497305435,-0.0392282996550644,-0.0539821963308104,0.0332194863355852,-0.0130919577033149
"237",0.0920137033142507,0.00463481717673174,0.102160629001756,-0.0772529115784673,-0.0544150358960821,0.0564963741384178,0.0144007267090756,-0.0348799291195085,0.00754826813627602,-0.0470214345190531
"238",0.0872485200579466,0.00836952883647438,0.0879918790929294,-0.103090332766714,-0.0329525157901791,0.0250723063140684,0.0609998445583105,-0.0378735972448116,-0.000775251283751412,-0.0742422720474847
"239",0.0901805190401119,0.00776464218883103,0.0773581576624249,-0.116825639081596,0.0167090930369949,-0.0263340442841288,0.0602144564928965,-0.0457013151360638,-0.00312190862458556,-0.0831098454978037
"240",0.0892313460040004,-0.011966977613381,0.0619829800442533,-0.109417302136344,0.0526489950596468,-0.0559980594708792,0.0152862515482707,-0.0379486238037811,-0.00237944710020911,-0.0673982834044722
"241",0.0901057902359702,-0.0569237643201482,0.0328552240493801,-0.0751437303085018,0.0556129843493199,0.0062389849465145,-0.0812174295279878,-0.0124302463677647,0.0294133659121547,0.00682199243767272
"242",0.0904738256708821,-0.0715029530350407,0.0179644743611488,-0.0629158864212085,0.029983123276316,0.064913896345378,-0.0669504050188763,0.0142620855937929,0.0429220524866056,0.0467569997108238
"243",0.0833448694767241,-0.0956959752432552,0.00129779360582375,-0.0503902175698605,0.0124250513145629,0.0930511744896865,-0.00447751523349436,0.0615790989212484,0.0460428199939522,0.0761023891735401
"244",0.101558849504897,-0.0926049092140371,0.00655994963221748,-0.0473850716836175,0.061210094355848,0.0687687618741637,0.041026901478933,0.0621843473881991,0.0581014728147767,0.0787283081148186
"245",0.0992439937182853,-0.103494578820116,-0.00351403760303931,-0.030524895464153,0.0816656853010639,0.0339459693144874,0.0514362798592083,0.0609243592421306,0.0379543402671036,0.0611609037699738
"246",0.112015242163069,-0.119061904266377,-0.00128472693850067,-0.0051335115851429,0.11786253075371,0.0033752083266654,0.0233431101181472,0.0455167819864354,0.0248953414707138,0.0263478529123681
"247",0.111643915884393,-0.132045082679886,-0.00811884881372753,0.0214888323884003,0.10570359249437,0.0102556389382692,-0.021498300534853,0.0138484232424831,0.00264809833806662,-0.0177410095045874
"248",0.118447513196096,-0.137346463421296,-0.00998040272446497,0.0407283706740539,0.0751185818531986,0.0431830956632081,-0.0428515657597215,-0.0187978871412284,-0.0120464484313969,-0.0580885045770533
"249",0.127213969981739,-0.149682305814173,-0.00922518946215025,0.0567143990563527,0.0403662584709383,0.0745048152415225,-0.0191053917902322,-0.0202565621308169,-0.0191248860948983,-0.0790622470478082
"250",0.129003142604345,-0.137119776365622,-0.011602436601558,0.0542797903406545,0.00582032499534196,0.0807116688378574,0.027234814724004,-0.0392626415116216,-0.0254361575114745,-0.0841261403504023
"251",0.143627224646267,-0.126389465275532,-0.00425213812073757,0.0499752650388566,0.0101824077261916,0.0467586477364046,0.0707730283801956,-0.0480776198988083,-0.0194909857342614,-0.0679428265941825
"252",0.143335958612504,-0.123064482238808,-0.00805503704974518,0.0504002543303638,0.00282337361169665,-0.00354986978020212,0.0850966166638666,-0.0467572475379169,-0.0243878252896365,-0.0348219793722305
"253",0.148375721551761,-0.139908944497259,-0.00629417275726911,0.061628260823143,0.0100333900831864,-0.0556913188641366,0.0658635710870438,-0.0253588696429499,-0.0183458075095205,0.00866795365788039
"254",0.16104179263435,-0.141291914600511,0.00208518222183974,0.0675388740657549,0.0148309041727083,-0.0803568785476659,0.00682393165199433,-0.0322994188280843,-0.000650894659825421,0.0452548217537321
"255",0.182090027462254,-0.137916622972828,0.0142074211387569,0.0701038388811124,0.00109441057053327,-0.0604365204872859,-0.0530058675291072,-0.0375788202761891,0.0223006464714206,0.0713028816499718
"256",0.185237447999714,-0.144920576401375,0.0120005831978639,0.0696809702859936,-0.0587146718934738,-0.00888146917496358,-0.0618006722191869,-0.00608448665538823,0.0282223478010001,0.0852683657245055
"257",0.209048479207414,-0.138648034891699,0.0263294022556974,0.0179215175521414,-0.0563451693573915,-0.0421857719405065,0.0591386116474973,0.0995165327826164,0.0268161806847178,0.0190724629599229
"258",0.226710664295386,-0.131059737504449,0.0389046423949604,0.00649905926957051,-0.000116239371581745,-0.0842969577712,0.0176332156146279,0.0852247069675642,0.0252628497858788,-0.0250919984147911
"259",0.185755897490663,0.127435653321955,0.0529850674717399,0.012416595300645,0.179564186400948,0.112946923786083,-0.172592118414671,0.0306170202755656,0.0830546168106389,-0.0522925383184205
"260",0.173403813053107,0.12033944374526,0.0497199521508452,0.0286251504094286,0.0974172779880371,0.230262309764184,-0.10323825165786,0.00096921240828064,0.0497584558230148,-0.117507587540372
"261",0.167685173770018,0.0936814504463966,0.0557466360476281,0.0407509452170796,0.0730799110050247,0.25334603838875,0.0552540799694452,0.0255690948960378,0.0181171417351564,-0.149464743406143
"262",0.177006954011254,0.0884600231724556,0.0792639873850347,0.0458262433765742,0.139849737575469,0.164156973632407,0.168658187060693,0.0122233258954158,0.00339721637640572,-0.151838124527732
"263",0.175429275974175,0.0602706341463554,0.0952076117176582,0.0751752340135394,0.207176178183232,0.0393000424371108,0.172814628031282,-0.00336557576842538,-0.0187228021137342,-0.11776479454312
"264",0.158340681265301,0.0361099412009127,0.0963344839162072,0.110103558629022,0.206793526358904,-0.0351509631678763,0.07850523454601,-0.0590631708721033,-0.0491977801098409,-0.0660443410411083
"265",0.150692652498921,0.000734215314835257,0.101442942342837,0.145991567670184,0.156932974705394,-0.0299017590042364,-0.0275071454799398,-0.0999203660358354,-0.0559930809777301,-0.00227538481034641
"266",0.136415061910313,-0.042517434552373,0.108964073153128,0.154363441108756,-0.0496303171632196,0.0901399541367452,-0.0217867591705428,-0.0977280969673159,-0.0353495400476017,0.110474711899009
"267",0.137216833944319,-0.0408591543091022,0.118662266882796,0.121129851226535,-0.101363948523193,0.0789679653581033,0.0778380382835706,-0.0699004446222981,-0.0152674876929138,0.134197731711634
"268",0.144736622020926,-0.031289840795646,0.133746894032526,0.0808106626294449,-0.0856526712361915,-0.00542559996472532,0.144647577898718,-0.0508631910469666,0.0112754449120872,0.126890273712544
"269",0.14013438579519,-0.0485124520997304,0.138331643040568,0.0585515143746816,-0.057240380785821,-0.110584611497149,0.134574031873802,-0.01667702983258,0.0264899787968272,0.0967816913409474
"270",0.140663699403767,-0.0661136382397513,0.142853036843912,0.0425635196925867,-0.0313667392053221,-0.177857826760652,0.0410890672302806,-0.0122501035465534,0.0437117780804701,0.0435311617944871
"271",0.139954403334848,-0.0798976263098368,0.142522854681262,0.0262540122623338,-0.0443358851904492,-0.161889960073098,-0.078254054483702,-0.0228664035638512,0.0658502349058197,-0.018052939646512
"272",0.15921888512775,-0.0626323871282486,0.150529360138956,-0.00889276696271159,-0.0713964303958443,-0.075768393766915,-0.158071381962774,-0.052376597631419,0.098831458018999,-0.0755936996637919
"273",0.152628882953589,-0.0603195391245125,0.132008440873612,-0.0489312232848684,-0.154725898587802,0.0357887782662064,-0.124988309946358,-0.0192458043493032,0.0918624894041211,-0.107156061094155
"274",0.14807135303248,-0.0568109287895391,0.115469265172933,-0.0999702474747522,-0.178259375322419,0.0773193936306733,-0.0050583648383039,0.0427782870132909,0.0744466630926584,-0.113010218359251
"275",0.161303396676331,-0.0458509543081573,0.112785114528233,-0.148186318160315,-0.0975370239936752,0.0210102677584807,0.0923624116873524,0.085335716127929,0.0569163793077887,-0.0978558237834184
"276",0.149757744591096,-0.0889268317274208,-0.00849338950951963,-0.139354203675111,-0.00839781386071491,0.134600694072265,-0.086023421555294,0.0248568061418206,-0.118396422078274,0.0646013586885221
"277",0.131104098924517,-0.0573055616776468,-0.0460598579863551,-0.160078034071172,-0.0355971807647478,0.159591361440331,0.0286379388221112,-0.0121781122135145,-0.127183417560874,0.0666877065204614
"278",0.129836475462524,-0.0319527943129301,-0.0688860308558577,-0.171816543647358,0.0167569792247212,0.0957713060517858,0.124764539725397,-0.0484138364198733,-0.107922578098461,0.0566239775544173
"279",0.135901410871121,-0.0318682502525197,-0.0843037079565155,-0.152270537152658,0.105886510653916,-0.00712225941299497,0.131789972298575,-0.0741568048315925,-0.0689703625483457,0.0437682989797748
"280",0.121711544795139,-0.0268300062220644,-0.115072095634993,-0.11858115134099,0.130021475095132,-0.06339890407247,0.0469152207785318,-0.136209237981418,-0.0361607870470141,0.0211971766864518
"281",0.107260684762955,-0.0168150454877539,-0.147130920308559,-0.083952288756098,0.0917870216263776,-0.0423313853098549,-0.0494974984955161,-0.204349766461207,0.00449596603794974,-0.00592620939566455
"282",0.105664627613766,0.0100595876865966,-0.170424668110328,-0.0625873187071065,0.0211218606386849,0.0284232616596279,-0.0852658028369441,-0.248518688498387,0.0524394892970374,-0.0279356444742402
"283",0.0962036498396931,0.018629628287969,-0.197250836892168,-0.0432935571045823,-0.065509854755415,0.0876909070408576,-0.0192619159436926,-0.203719906078186,0.0822771004138353,-0.0304564628481671
"284",0.0821349531110291,0.0366647595925219,-0.218996257706638,-0.0372025174938413,-0.107421003223015,0.0709372868100518,0.0933252498791173,-0.135080735559421,0.0962573017995036,-0.0255155999037924
"285",0.0726525460046083,0.0554019362222452,-0.228864570916083,-0.0285734865015031,-0.079648791851853,-0.026166134564294,0.165005452523482,-0.0645407851442678,0.0984394745315194,-0.0167730590041591
"286",0.0719217858131098,0.042737043196268,-0.224302911540184,0.00884615818790783,-0.0053537051402513,-0.147791513512831,0.13752796230165,0.0245323969632331,0.0950541234891042,-0.000601829129317909
"287",0.0640673556659159,0.0258798434407992,-0.218996112347948,0.0599103883315334,0.0323089472332823,-0.206244058619875,0.0107396499576788,0.0764379298737917,0.0768150851670669,0.00887474585732995
"288",0.0782869434372817,0.0332428455307533,-0.195354482287298,0.101494954040053,0.0363181808644831,-0.161244155416709,-0.142125944730377,0.0783005822628555,0.0687803093512868,0.00560282383593986
"289",0.0765983692231564,0.0261620783242238,-0.181487194989379,0.138151720979128,-0.0424238804634329,-0.0288477843065225,-0.200517020713458,0.124764163333681,0.0424966254262204,0.00465652383111268
"290",0.0576937200416437,0.0379541677325892,-0.174477401128504,0.142043158856563,-0.14463644940867,0.0952468645778381,-0.122405132560682,0.177282581640361,-0.00495799467043215,-0.00217935272573439
"291",0.0772742521806518,0.0746090310409244,-0.131863573545578,0.119061804038251,-0.120395235894313,0.11196240453238,0.0174737986651774,0.20011445655839,-0.0283539699990712,-0.0158977845163089
"292",0.0976226159415959,0.105068732521573,-0.0838068577746669,0.103180889078855,-0.0263289762760809,0.0381814463981255,0.105382370571646,0.195919658020691,-0.0524500109982905,-0.0276851785502187
"293",0.121255303525459,0.124268552087384,-0.0326842688342024,0.10733844017743,0.0903795914798508,-0.0543115886517566,0.0773830667003729,0.150720040124351,-0.0701573768178782,-0.0342571210462045
"294",0.127115040113536,0.125535523271447,0.000892508298468328,0.13001590021284,0.129901344690144,-0.0767034419423476,-0.0299811378514513,0.0846508218282729,-0.0947942891312215,-0.0327443229949652
"295",0.126555415214462,0.12455347548319,0.0259099939594269,0.148970662536528,0.0926182270255964,-0.0120038268694659,-0.121836128597139,0.0161071884777064,-0.105685942413088,-0.0234993474196922
"296",0.119597648489024,0.140112635431534,0.0428094259869206,0.143185180409654,0.00345411874252306,0.0934505265600125,-0.121658503178394,-0.0412195507306956,-0.104159924508577,-0.0077866921559365
"297",0.117729139616531,0.126832328271109,0.0641561290510793,0.131925815369886,-0.0541577039810455,0.148804291124191,-0.0111775614276576,-0.0180806824646996,-0.0837536073040809,0.0235020563309883
"298",0.127144585558677,0.145862256046266,0.0959896289984227,0.0983397443910587,-0.0348852396606955,0.109271591530304,0.101943752741218,-0.0276588740954278,-0.0454535407162217,0.04809740304989
"299",0.128170239354617,0.138467723856142,0.121704714890688,0.0820402942536012,0.0198765209667708,0.00932859482803422,0.150538462449444,-0.0208259737006302,-0.00722305231201099,0.0694749497899473
"300",0.133830382987958,0.133921461526278,0.147917277783334,0.0750650746554972,0.0816246132181951,-0.084629087538619,0.0915110843201471,-0.0499081705893028,0.0349245996810331,0.0738028055289001
"301",0.127434649032512,0.109254766857754,0.158658214890749,0.0819482271840182,0.0754259048854637,-0.102613339699132,-0.0187550535781498,-0.0700843801007879,0.0619052676262805,0.0641981838664565
"302",0.106985107480677,0.0938852176032407,0.153486412938979,0.0752016971008961,-0.0060823295732456,-0.0411921654245238,-0.0943518287887027,-0.0884433225210889,0.0717718063579117,0.0373480955424538
"303",0.0960705138830472,0.0920747267082514,0.15115756667896,0.0455211081124917,-0.0897579095567364,0.0362812024792213,-0.0790990057746027,-0.0836221584803873,0.0778723814926355,0.00132007884282589
"304",0.0874881793929703,0.0762620105955965,0.149825926647361,0.0101163876831847,-0.130103565243385,0.0623868225108557,0.014246160858713,-0.0209743058810719,0.0740016423532518,-0.0276109546931374
"305",0.0896518682666498,0.0825458712171701,0.156361442039141,-0.0358869088591127,-0.0945676736942394,0.0124998288001796,0.0907003885392163,0.0126763258116885,0.0655684415624595,-0.0548468912708149
"306",0.0849888734996454,0.0614788043571371,0.15661927648596,-0.0588562670667827,-0.0284700935038854,-0.0705336520152186,0.0990005855808229,0.0536873266087498,0.0462387460888174,-0.0673654865095467
"307",0.078027941516497,-0.00949726340122529,0.125602169628387,-0.0844502890467285,-0.0253593681772574,0.109018087180129,-0.120994063933443,0.0341761379172297,-0.0144036198875549,-0.00888456955385943
"308",0.0762218828702491,-0.0220427408832157,0.112461746063019,-0.104463811509395,-0.0304336969555838,0.14984810234854,-0.00482248674552415,0.069727062363098,-0.0244850970987749,0.024137447327861
"309",0.0747150907073834,-0.0304106504943829,0.100893211424009,-0.121194591968008,0.0220505838248987,0.104397574616872,0.0958301796660187,0.0846844412374345,-0.0352958794260665,0.0480549401646951
"310",0.0723157643851357,-0.0333420608150412,0.0889536672671924,-0.125627088596318,0.102797187700891,0.0182874535112007,0.108381573047004,0.0488229442197397,-0.0420261329459974,0.0535897090084752
"311",0.0827362550534759,-0.05774223665433,0.0836503126253321,-0.101944060680395,0.182268256555287,-0.0407275111959837,0.0325452777875786,0.00308413029706939,-0.0312765773655944,0.0481732721791697
"312",0.0868730266408212,-0.111617919280719,0.0503690177222812,-0.0336742533016393,0.123305707040252,0.0761417249596088,-0.125665927874731,-0.0866246126916595,-0.000362829332668513,0.0146598007727284
"313",0.0896089687753876,-0.130729264228736,0.034662700502893,-0.0179916886787006,0.0533584973649795,0.163418350129947,-0.068057024882026,-0.0847426379676813,0.0286872653162224,-0.00213275016830754
"314",0.0896044918768146,-0.137572487618323,0.0208139170630886,-0.0166788076673649,0.0162525746399191,0.178191792131793,0.053537522983573,-0.0619165966944575,0.0524338420018345,-0.0137870251061317
"315",0.0916822140215985,-0.130489363688222,0.0107737296381664,-0.0219853269705137,0.0315417876572177,0.105586567027503,0.152092042959176,-0.0584322808702546,0.0636507101568444,-0.025443669892024
"316",0.0957339286902656,-0.13407363909202,0.00378445604474393,-0.012856864702126,0.0798654278863948,-0.00951855057605762,0.164621787323911,-0.0642289662008336,0.0667128344506745,-0.0336278824801074
"317",0.102702000434507,-0.159760774455451,-0.000578847996595237,0.019304466692172,0.116926024847501,-0.0966118280037363,0.0853349920822254,-0.0613908940462268,0.0652663514678687,-0.0332580300788476
"318",0.108401562732516,-0.188372771123793,-0.00723628073240085,0.0579377221711822,0.0949968706579231,-0.10243206973877,-0.0322457432963621,-0.0567032304174689,0.055246046255896,-0.0268280912859576
"319",0.10021055693797,-0.195182462218505,-0.0253024115835615,0.0752658373377053,-0.0057867513108086,-0.0295339461809836,-0.101618810345296,-0.0617028340545508,0.0296949018393875,-0.0227832219477673
"320",0.114746644480413,-0.196430033919642,-0.0251183178957681,0.0732149280425035,-0.078239718795818,0.0442226219631124,-0.0715730001826178,-0.0287265756318651,0.0218359781362027,-0.0129977746901698
"321",0.120861543318766,-0.197260068210043,-0.0274673983864038,0.0598672494464519,-0.124193372913075,0.0635873032453608,0.0257247073884576,0.0406428231318059,0.00344060923201884,0.00377735155725722
"322",0.126735712293135,-0.197826172795071,-0.0249328417056987,0.0428319656592221,-0.106144348951854,0.00397058943928739,0.111813465065149,0.101478404217498,-0.0166766197598178,0.0176261758000515
"323",0.157651987627305,-0.178861548844552,-0.00123402702824934,0.0268577463651739,-0.00997263493906832,-0.0946244745862142,0.0976968730110928,0.0955772769060507,-0.01208129780754,0.0194024491096369
"324",0.180055006514534,-0.185711207639922,0.0146703425123482,0.0378990881515422,0.0521484331469255,-0.141367413748097,-0.00342521364747236,0.0885577132919052,-0.00746826524639893,0.0214393890880419
"325",0.173246842581843,-0.183183037717957,0.00434849531375104,0.0446673931894825,0.00504005175928232,-0.0902712540422898,-0.111717880629175,0.0531016337953091,-0.0261912117876336,0.0138164088267348
"326",0.22659209825359,0.153944577505164,-0.220421222289812,-0.0367544653226812,0.0609904732882266,0.00697565882234879,0.176815364883387,-0.024238580374387,0.0609056908350041,0.0802177336810386
"327",0.222701055717365,0.138173914535051,-0.211181354422665,0.0231891088017871,0.137188491768862,-0.102956954538318,0.108953663662227,-0.00708867320715922,0.068331695053809,0.0292726181241263
"328",0.216188527490796,0.120499732462166,-0.200027378186805,0.0924862425024431,0.149123666612374,-0.123959927514957,-0.0331045651640169,-0.0192928790942714,0.0695205192912355,-0.030715167683843
"329",0.213764002790333,0.11252637756205,-0.182344873427603,0.150339059287343,0.0938974222695767,-0.0439855134626018,-0.145308908771355,-0.0349087384210772,0.0764386614044377,-0.0837305039298466
"330",0.22554089516454,0.136934899490563,0.00186856959033711,0.208886204204205,0.0668374522429445,-0.102090275917427,0.111069267212716,0.132237356308316,-0.0138685766817752,-0.0075609885320499
"331",0.222596397570953,0.125861171579694,0.0395080892889843,0.227138655288551,0.0747696890141891,-0.135931797100024,-0.015220666463726,0.0979784105980194,-0.0598745955868764,0.0250649312527734
"332",0.22915198984618,0.123359634381386,0.0802349497601211,0.231886084710551,0.0328748573854446,-0.0765523312944097,-0.128738531329001,0.0473048789447086,-0.0855164365018721,0.0448120782829205
"333",0.22701885309332,0.11985278595991,0.111067078029917,0.217658697054095,-0.0608008107349575,0.0341944625887249,-0.141866192721921,0.0331877215677956,-0.102838855952843,0.0581453494362574
"334",0.216469024459209,0.136814599601567,0.132979159921618,0.169605324387653,-0.15129977064292,0.110558210367008,-0.0454193765992248,0.02823561911194,-0.117595605427634,0.0584945981539712
"335",0.215281145590661,0.154043342253879,0.161365884807912,0.106822707410445,-0.153842737523601,0.0850736322388304,0.0911836085079188,0.0330567501152655,-0.109650682329322,0.0496116947785507
"336",0.234180453224025,0.166595786460073,0.204036743568672,0.0531723248041643,-0.0509865153684924,-0.0274740884574851,0.149256823113722,0.0228623286021131,-0.0657538964865749,0.0369524915574719
"337",0.244208894331577,0.150642082233969,0.234560240583775,0.0303223016136696,0.0477360009023087,-0.129563998760834,0.0825534563986178,0.00594157023282765,-0.0165714453620344,0.0265947946533101
"338",0.240366272744174,0.12320291106641,0.246993897286234,0.0230684342220536,0.0753328210859203,-0.139839335248493,-0.0568158048379842,-0.0290569096218956,0.0316154891055001,0.0149914448401813
"339",0.186059122666326,-0.107789500966358,0.109768454306681,-0.10458892308703,-0.0249358629621318,0.194458905899078,-0.0784756088754156,-0.0431289488725103,-0.0846989228548535,-0.030581528624536
"340",0.173848374722899,-0.087099684428752,0.0760645452074103,-0.141845412206558,-0.0519589218228023,0.198259391995384,0.0829833089897702,-0.056040676266333,-0.0825083291583999,-0.00273089158394299
"341",0.164593732145995,-0.0797335049903276,0.0468225956291288,-0.165113577457516,0.00358557077255613,0.0888477914372456,0.201436717999295,-0.0607202712381835,-0.0671107645082075,0.0280834926929265
"342",0.162098684855473,-0.071984867341436,0.0206858080782638,-0.166869202236488,0.0926656846180727,-0.0574169124752161,0.184044900709819,-0.104021075024915,-0.0463810065948642,0.0493294097014368
"343",0.139774347839439,-0.0709823018553043,-0.0251286239506193,-0.148207212102814,0.102565564320495,-0.131178782624031,0.058166704886033,-0.175155653936812,-0.0400650543005666,0.0538714054470593
"344",0.142125217745122,-0.075841870175726,-0.0555738848907017,-0.120803238345935,0.0798755173287895,-0.107070506520378,-0.0795080971813697,-0.228895040333017,-0.00215258630444721,0.0472847583303685
"345",0.144490903294725,-0.0876741334779236,-0.0865235505963176,-0.0934288679604556,0.000539067604280272,-0.00786438055883997,-0.134804886163215,-0.214181335263909,0.0420047055945427,0.042064094818881
"346",0.13771151488181,-0.0999272955604067,-0.120485705537139,-0.0783195092645243,-0.0928518315847873,0.083914768130259,-0.067891614290619,-0.133684856095985,0.0749391319623192,0.0382808846763615
"347",0.135977730984189,-0.0947626980714662,-0.141684555449266,-0.0794920281398419,-0.113617903170361,0.0876402755184581,0.0598976021817007,-0.0416278862231588,0.107194852427145,0.0283375514153884
"348",0.187143231108503,0.113221505131026,-0.065203848221757,-0.117592432976966,0.00752715940963806,0.0941684772124479,-0.183790779751206,0.0947461659018506,-0.0205602428520124,0.102203481444281
"349",0.178913369019558,0.125249054969653,-0.0765300687655476,-0.117348791590359,-0.00830435028418187,0.183074962000078,-0.075144995882501,0.0980880399202165,-0.0219466329900377,0.101988872747484
"350",0.185448360512559,0.145534670773025,-0.0717484604979492,-0.118243727527709,0.0546453133488032,0.174808659634111,0.0504070895003359,0.0818881141019693,-0.0127820243077842,0.07638564608542
"351",0.145252506303518,0.0733351094722633,-0.0567393483946829,0.131938551542345,0.0302351294616227,0.173403696644212,0.0395182383193476,-0.101000681688109,0.0338608126834251,-0.0669408411777663
"352",0.132348062434726,0.0794676769940236,-0.0478421220022208,0.134742498618954,-0.000902139256302146,0.116452341560471,0.149606338913727,-0.0841178373195184,0.0342181120672032,-0.0390178494598035
"353",0.131559849856324,0.0931484092894657,-0.0268551657192147,0.134418261974358,0.0255211931735564,-0.003573326306192,0.18685164718462,-0.0867857640195931,0.0336058647586645,-0.00850258082401034
"354",0.121677315081128,0.0912561680622828,-0.0140770764971696,0.145789691109622,0.0309090755398807,-0.110600547660932,0.131542441563632,-0.0886645958701285,0.0134251425528901,0.0199087243250266
"355",0.0951976560589291,0.101610721829183,-0.0162362104370528,0.147447946244237,-0.0314072362781852,-0.14713032800283,0.0271821973369795,-0.11546200529978,-0.0229124132416522,0.0328602498554569
"356",0.0834055583235046,0.102055561725267,-0.0100149163456977,0.141074466180629,-0.107404086647061,-0.124001901305418,-0.0450986127511205,-0.104975948490284,-0.0416362133393487,0.0382974716211196
"357",0.0653610148275158,0.152030835560723,0.0484540820155739,-0.0114639895992004,-0.13412408275752,-0.130914266392669,0.0183672923241156,0.0722431047628844,0.0113943127456622,0.0114714683768583
"358",0.0772182270067727,0.150029801471149,0.0719863377891781,-0.032295155025082,-0.0587195460567106,-0.144129046920312,-0.0462303252628934,0.0930843074045783,0.0468008918448821,0.00242019774546603
"359",0.0778118886207168,0.157391962945219,0.0826207144219417,-0.0513354317984684,-0.031947865703687,-0.093913749788635,-0.126084862309266,0.0790145623188384,0.0667064877049037,-0.00964823802028066
